,,1,2,3,4,5,6,7,8,9,10,11,12,13,14,15,16
,z,0.1165,0.1172,0.1185,0.1202,0.1224,0.1250,0.1278,0.1307,0.1336,0.1365,0.1391,0.1414,0.1434,0.1449,0.1459,0.1465
1,0.05,1.67E-05,1.66E-05,1.64E-05,1.62E-05,1.60E-05,1.59E-05,1.56E-05,1.53E-05,1.50E-05,1.48E-05,1.46E-05,1.45E-05,1.43E-05,1.43E-05,1.42E-05,1.41E-05
2,0.15,1.68E-05,1.68E-05,1.67E-05,1.65E-05,1.63E-05,1.60E-05,1.58E-05,1.55E-05,1.53E-05,1.51E-05,1.49E-05,1.47E-05,1.46E-05,1.45E-05,1.44E-05,1.44E-05
3,0.25,1.70E-05,1.70E-05,1.69E-05,1.66E-05,1.64E-05,1.62E-05,1.60E-05,1.57E-05,1.54E-05,1.52E-05,1.50E-05,1.48E-05,1.47E-05,1.46E-05,1.45E-05,1.45E-05
4,0.35,1.71E-05,1.71E-05,1.70E-05,1.68E-05,1.65E-05,1.63E-05,1.60E-05,1.58E-05,1.56E-05,1.53E-05,1.51E-05,1.49E-05,1.48E-05,1.46E-05,1.46E-05,1.46E-05
5,0.45,1.72E-05,1.71E-05,1.71E-05,1.68E-05,1.67E-05,1.64E-05,1.61E-05,1.58E-05,1.57E-05,1.54E-05,1.52E-05,1.50E-05,1.49E-05,1.47E-05,1.47E-05,1.46E-05
6,0.55,1.74E-05,1.73E-05,1.71E-05,1.69E-05,1.67E-05,1.64E-05,1.62E-05,1.59E-05,1.56E-05,1.55E-05,1.52E-05,1.52E-05,1.49E-05,1.48E-05,1.48E-05,1.48E-05
7,0.65,1.74E-05,1.74E-05,1.73E-05,1.71E-05,1.69E-05,1.65E-05,1.63E-05,1.60E-05,1.58E-05,1.56E-05,1.53E-05,1.51E-05,1.50E-05,1.49E-05,1.48E-05,1.48E-05
8,0.75,1.76E-05,1.76E-05,1.74E-05,1.72E-05,1.70E-05,1.67E-05,1.64E-05,1.61E-05,1.59E-05,1.57E-05,1.54E-05,1.52E-05,1.51E-05,1.50E-05,1.49E-05,1.49E-05
9,0.85,1.77E-05,1.76E-05,1.75E-05,1.73E-05,1.70E-05,1.67E-05,1.65E-05,1.62E-05,1.60E-05,1.57E-05,1.55E-05,1.53E-05,1.51E-05,1.50E-05,1.50E-05,1.50E-05
10,0.95,1.77E-05,1.77E-05,1.76E-05,1.73E-05,1.71E-05,1.68E-05,1.65E-05,1.63E-05,1.60E-05,1.58E-05,1.56E-05,1.54E-05,1.52E-05,1.52E-05,1.51E-05,1.50E-05
11,1.05,1.79E-05,1.78E-05,1.76E-05,1.75E-05,1.72E-05,1.69E-05,1.66E-05,1.63E-05,1.61E-05,1.58E-05,1.56E-05,1.55E-05,1.53E-05,1.52E-05,1.51E-05,1.50E-05
12,1.15,1.80E-05,1.79E-05,1.78E-05,1.75E-05,1.73E-05,1.70E-05,1.67E-05,1.65E-05,1.63E-05,1.60E-05,1.57E-05,1.56E-05,1.53E-05,1.53E-05,1.51E-05,1.51E-05
13,1.25,1.80E-05,1.80E-05,1.78E-05,1.76E-05,1.74E-05,1.70E-05,1.68E-05,1.65E-05,1.63E-05,1.60E-05,1.58E-05,1.56E-05,1.54E-05,1.53E-05,1.52E-05,1.52E-05
14,1.35,1.82E-05,1.81E-05,1.79E-05,1.77E-05,1.74E-05,1.71E-05,1.69E-05,1.65E-05,1.63E-05,1.61E-05,1.59E-05,1.57E-05,1.55E-05,1.54E-05,1.53E-05,1.52E-05
15,1.45,1.83E-05,1.82E-05,1.80E-05,1.78E-05,1.75E-05,1.73E-05,1.69E-05,1.66E-05,1.64E-05,1.62E-05,1.60E-05,1.58E-05,1.56E-05,1.54E-05,1.53E-05,1.53E-05
16,1.55,1.83E-05,1.82E-05,1.81E-05,1.78E-05,1.76E-05,1.74E-05,1.71E-05,1.67E-05,1.65E-05,1.62E-05,1.60E-05,1.58E-05,1.56E-05,1.55E-05,1.54E-05,1.54E-05
17,1.65,1.85E-05,1.83E-05,1.82E-05,1.79E-05,1.77E-05,1.74E-05,1.71E-05,1.68E-05,1.66E-05,1.63E-05,1.60E-05,1.59E-05,1.57E-05,1.55E-05,1.55E-05,1.54E-05
18,1.75,1.86E-05,1.85E-05,1.83E-05,1.80E-05,1.78E-05,1.75E-05,1.71E-05,1.68E-05,1.66E-05,1.64E-05,1.61E-05,1.59E-05,1.58E-05,1.56E-05,1.55E-05,1.55E-05
19,1.85,1.86E-05,1.85E-05,1.84E-05,1.81E-05,1.79E-05,1.76E-05,1.72E-05,1.69E-05,1.67E-05,1.64E-05,1.62E-05,1.60E-05,1.58E-05,1.57E-05,1.55E-05,1.55E-05
20,1.95,1.88E-05,1.86E-05,1.85E-05,1.82E-05,1.79E-05,1.77E-05,1.73E-05,1.70E-05,1.67E-05,1.65E-05,1.63E-05,1.60E-05,1.58E-05,1.57E-05,1.56E-05,1.56E-05
21,2.05,1.88E-05,1.88E-05,1.86E-05,1.83E-05,1.81E-05,1.78E-05,1.74E-05,1.71E-05,1.68E-05,1.66E-05,1.64E-05,1.61E-05,1.60E-05,1.58E-05,1.56E-05,1.57E-05
22,2.15,1.90E-05,1.89E-05,1.86E-05,1.84E-05,1.82E-05,1.78E-05,1.75E-05,1.71E-05,1.69E-05,1.66E-05,1.64E-05,1.62E-05,1.60E-05,1.58E-05,1.58E-05,1.57E-05
23,2.25,1.90E-05,1.89E-05,1.87E-05,1.85E-05,1.82E-05,1.80E-05,1.76E-05,1.72E-05,1.69E-05,1.67E-05,1.64E-05,1.63E-05,1.60E-05,1.58E-05,1.58E-05,1.58E-05
24,2.35,1.91E-05,1.90E-05,1.89E-05,1.85E-05,1.84E-05,1.80E-05,1.76E-05,1.73E-05,1.70E-05,1.67E-05,1.65E-05,1.63E-05,1.61E-05,1.60E-05,1.58E-05,1.58E-05
25,2.45,1.93E-05,1.91E-05,1.90E-05,1.87E-05,1.85E-05,1.80E-05,1.77E-05,1.73E-05,1.71E-05,1.68E-05,1.66E-05,1.63E-05,1.62E-05,1.60E-05,1.59E-05,1.59E-05
26,2.55,1.93E-05,1.93E-05,1.90E-05,1.88E-05,1.86E-05,1.82E-05,1.78E-05,1.74E-05,1.72E-05,1.68E-05,1.66E-05,1.64E-05,1.62E-05,1.61E-05,1.60E-05,1.60E-05
27,2.65,1.94E-05,1.93E-05,1.92E-05,1.89E-05,1.87E-05,1.83E-05,1.78E-05,1.75E-05,1.72E-05,1.70E-05,1.67E-05,1.65E-05,1.64E-05,1.61E-05,1.61E-05,1.60E-05
28,2.75,1.95E-05,1.94E-05,1.93E-05,1.90E-05,1.87E-05,1.83E-05,1.79E-05,1.76E-05,1.73E-05,1.70E-05,1.67E-05,1.65E-05,1.64E-05,1.62E-05,1.61E-05,1.61E-05
29,2.85,1.96E-05,1.96E-05,1.94E-05,1.90E-05,1.88E-05,1.84E-05,1.81E-05,1.76E-05,1.74E-05,1.70E-05,1.68E-05,1.65E-05,1.64E-05,1.62E-05,1.62E-05,1.62E-05
30,2.95,1.98E-05,1.96E-05,1.95E-05,1.92E-05,1.88E-05,1.85E-05,1.82E-05,1.77E-05,1.74E-05,1.71E-05,1.69E-05,1.66E-05,1.65E-05,1.63E-05,1.62E-05,1.62E-05
31,3.05,1.99E-05,1.98E-05,1.95E-05,1.93E-05,1.90E-05,1.87E-05,1.82E-05,1.78E-05,1.75E-05,1.71E-05,1.69E-05,1.67E-05,1.65E-05,1.64E-05,1.62E-05,1.62E-05
32,3.15,2.00E-05,1.98E-05,1.97E-05,1.93E-05,1.90E-05,1.86E-05,1.83E-05,1.79E-05,1.76E-05,1.72E-05,1.71E-05,1.67E-05,1.66E-05,1.64E-05,1.64E-05,1.63E-05
33,3.25,2.01E-05,2.00E-05,1.98E-05,1.95E-05,1.91E-05,1.88E-05,1.83E-05,1.79E-05,1.76E-05,1.73E-05,1.71E-05,1.68E-05,1.66E-05,1.65E-05,1.64E-05,1.63E-05
34,3.35,2.02E-05,2.01E-05,1.98E-05,1.96E-05,1.92E-05,1.88E-05,1.84E-05,1.81E-05,1.77E-05,1.74E-05,1.71E-05,1.69E-05,1.67E-05,1.65E-05,1.64E-05,1.63E-05
35,3.45,2.02E-05,2.02E-05,1.99E-05,1.96E-05,1.93E-05,1.89E-05,1.84E-05,1.82E-05,1.78E-05,1.74E-05,1.72E-05,1.69E-05,1.67E-05,1.65E-05,1.65E-05,1.64E-05
36,3.55,2.04E-05,2.03E-05,2.00E-05,1.97E-05,1.94E-05,1.90E-05,1.86E-05,1.82E-05,1.79E-05,1.75E-05,1.72E-05,1.70E-05,1.67E-05,1.67E-05,1.65E-05,1.65E-05
37,3.65,2.05E-05,2.04E-05,2.01E-05,1.99E-05,1.94E-05,1.90E-05,1.86E-05,1.83E-05,1.79E-05,1.76E-05,1.73E-05,1.71E-05,1.68E-05,1.67E-05,1.65E-05,1.66E-05
38,3.75,2.06E-05,2.05E-05,2.03E-05,1.99E-05,1.96E-05,1.91E-05,1.88E-05,1.84E-05,1.81E-05,1.76E-05,1.72E-05,1.71E-05,1.69E-05,1.68E-05,1.66E-05,1.65E-05
39,3.85,2.07E-05,2.06E-05,2.03E-05,2.00E-05,1.97E-05,1.93E-05,1.88E-05,1.84E-05,1.81E-05,1.77E-05,1.74E-05,1.72E-05,1.70E-05,1.68E-05,1.67E-05,1.67E-05
40,3.95,2.09E-05,2.07E-05,2.05E-05,2.02E-05,1.98E-05,1.94E-05,1.90E-05,1.86E-05,1.82E-05,1.78E-05,1.75E-05,1.73E-05,1.70E-05,1.69E-05,1.68E-05,1.67E-05
41,4.05,2.11E-05,2.09E-05,2.07E-05,2.04E-05,1.99E-05,1.97E-05,1.91E-05,1.87E-05,1.83E-05,1.79E-05,1.76E-05,1.74E-05,1.71E-05,1.70E-05,1.69E-05,1.68E-05
42,4.15,2.14E-05,2.11E-05,2.09E-05,2.06E-05,2.01E-05,1.97E-05,1.92E-05,1.89E-05,1.84E-05,1.80E-05,1.77E-05,1.75E-05,1.72E-05,1.71E-05,1.69E-05,1.69E-05
43,4.25,2.15E-05,2.13E-05,2.10E-05,2.07E-05,2.02E-05,1.99E-05,1.93E-05,1.89E-05,1.85E-05,1.81E-05,1.78E-05,1.76E-05,1.74E-05,1.72E-05,1.71E-05,1.70E-05
44,4.35,2.15E-05,2.13E-05,2.12E-05,2.08E-05,2.03E-05,1.99E-05,1.95E-05,1.90E-05,1.86E-05,1.81E-05,1.78E-05,1.76E-05,1.73E-05,1.72E-05,1.72E-05,1.70E-05
45,4.45,2.17E-05,2.15E-05,2.13E-05,2.10E-05,2.04E-05,2.00E-05,1.95E-05,1.91E-05,1.86E-05,1.82E-05,1.79E-05,1.76E-05,1.74E-05,1.72E-05,1.72E-05,1.71E-05
46,4.55,2.18E-05,2.16E-05,2.14E-05,2.10E-05,2.06E-05,2.01E-05,1.96E-05,1.92E-05,1.87E-05,1.83E-05,1.80E-05,1.77E-05,1.74E-05,1.73E-05,1.71E-05,1.71E-05
47,4.65,2.20E-05,2.18E-05,2.15E-05,2.11E-05,2.07E-05,2.03E-05,1.97E-05,1.93E-05,1.88E-05,1.84E-05,1.81E-05,1.78E-05,1.76E-05,1.73E-05,1.73E-05,1.72E-05
48,4.75,2.21E-05,2.19E-05,2.15E-05,2.12E-05,2.08E-05,2.03E-05,1.98E-05,1.93E-05,1.89E-05,1.84E-05,1.81E-05,1.79E-05,1.76E-05,1.74E-05,1.73E-05,1.72E-05
49,4.85,2.23E-05,2.20E-05,2.18E-05,2.14E-05,2.08E-05,2.04E-05,1.99E-05,1.93E-05,1.90E-05,1.85E-05,1.82E-05,1.80E-05,1.77E-05,1.74E-05,1.73E-05,1.73E-05
50,4.95,2.24E-05,2.22E-05,2.19E-05,2.15E-05,2.10E-05,2.05E-05,2.00E-05,1.94E-05,1.90E-05,1.86E-05,1.82E-05,1.80E-05,1.77E-05,1.76E-05,1.74E-05,1.73E-05
51,5.05,2.25E-05,2.24E-05,2.20E-05,2.16E-05,2.11E-05,2.07E-05,2.01E-05,1.95E-05,1.91E-05,1.87E-05,1.83E-05,1.81E-05,1.77E-05,1.76E-05,1.75E-05,1.74E-05
52,5.15,2.27E-05,2.25E-05,2.21E-05,2.17E-05,2.13E-05,2.08E-05,2.02E-05,1.97E-05,1.91E-05,1.87E-05,1.83E-05,1.81E-05,1.78E-05,1.76E-05,1.75E-05,1.74E-05
53,5.25,2.29E-05,2.26E-05,2.23E-05,2.20E-05,2.14E-05,2.08E-05,2.03E-05,1.97E-05,1.92E-05,1.89E-05,1.84E-05,1.82E-05,1.78E-05,1.76E-05,1.76E-05,1.75E-05
54,5.35,2.30E-05,2.28E-05,2.25E-05,2.21E-05,2.16E-05,2.09E-05,2.04E-05,1.99E-05,1.93E-05,1.89E-05,1.85E-05,1.82E-05,1.80E-05,1.77E-05,1.76E-05,1.76E-05
55,5.45,2.32E-05,2.30E-05,2.26E-05,2.22E-05,2.17E-05,2.10E-05,2.06E-05,2.00E-05,1.94E-05,1.90E-05,1.86E-05,1.82E-05,1.79E-05,1.78E-05,1.77E-05,1.76E-05
56,5.55,2.34E-05,2.32E-05,2.29E-05,2.23E-05,2.18E-05,2.12E-05,2.06E-05,2.00E-05,1.95E-05,1.91E-05,1.86E-05,1.83E-05,1.80E-05,1.79E-05,1.78E-05,1.76E-05
57,5.65,2.36E-05,2.34E-05,2.30E-05,2.25E-05,2.19E-05,2.13E-05,2.07E-05,2.02E-05,1.95E-05,1.91E-05,1.87E-05,1.85E-05,1.81E-05,1.79E-05,1.79E-05,1.77E-05
58,5.75,2.37E-05,2.36E-05,2.32E-05,2.27E-05,2.21E-05,2.14E-05,2.09E-05,2.03E-05,1.96E-05,1.93E-05,1.88E-05,1.85E-05,1.82E-05,1.81E-05,1.79E-05,1.78E-05
59,5.85,2.40E-05,2.37E-05,2.34E-05,2.28E-05,2.23E-05,2.15E-05,2.09E-05,2.05E-05,1.98E-05,1.93E-05,1.89E-05,1.86E-05,1.83E-05,1.81E-05,1.80E-05,1.78E-05
60,5.95,2.41E-05,2.39E-05,2.35E-05,2.30E-05,2.24E-05,2.17E-05,2.11E-05,2.06E-05,1.98E-05,1.95E-05,1.90E-05,1.87E-05,1.83E-05,1.82E-05,1.80E-05,1.78E-05
61,6.05,2.43E-05,2.41E-05,2.37E-05,2.31E-05,2.26E-05,2.18E-05,2.13E-05,2.06E-05,2.00E-05,1.95E-05,1.91E-05,1.87E-05,1.84E-05,1.82E-05,1.81E-05,1.80E-05
62,6.15,2.46E-05,2.43E-05,2.39E-05,2.33E-05,2.27E-05,2.20E-05,2.14E-05,2.07E-05,2.01E-05,1.96E-05,1.92E-05,1.88E-05,1.85E-05,1.83E-05,1.82E-05,1.81E-05
63,6.25,2.48E-05,2.45E-05,2.41E-05,2.35E-05,2.29E-05,2.21E-05,2.15E-05,2.09E-05,2.03E-05,1.97E-05,1.92E-05,1.89E-05,1.86E-05,1.84E-05,1.83E-05,1.82E-05
64,6.35,2.51E-05,2.47E-05,2.43E-05,2.37E-05,2.31E-05,2.22E-05,2.16E-05,2.10E-05,2.03E-05,1.98E-05,1.93E-05,1.89E-05,1.87E-05,1.84E-05,1.83E-05,1.82E-05
65,6.45,2.54E-05,2.49E-05,2.45E-05,2.39E-05,2.32E-05,2.24E-05,2.17E-05,2.11E-05,2.04E-05,1.98E-05,1.94E-05,1.90E-05,1.87E-05,1.86E-05,1.83E-05,1.82E-05
66,6.55,2.56E-05,2.52E-05,2.47E-05,2.42E-05,2.34E-05,2.26E-05,2.19E-05,2.12E-05,2.05E-05,2.00E-05,1.95E-05,1.91E-05,1.88E-05,1.86E-05,1.84E-05,1.83E-05
67,6.65,2.58E-05,2.54E-05,2.50E-05,2.43E-05,2.36E-05,2.28E-05,2.20E-05,2.13E-05,2.06E-05,2.00E-05,1.96E-05,1.92E-05,1.89E-05,1.87E-05,1.85E-05,1.84E-05
68,6.75,2.61E-05,2.57E-05,2.52E-05,2.46E-05,2.37E-05,2.30E-05,2.22E-05,2.14E-05,2.07E-05,2.02E-05,1.96E-05,1.93E-05,1.90E-05,1.88E-05,1.85E-05,1.85E-05
69,6.85,2.64E-05,2.60E-05,2.54E-05,2.48E-05,2.40E-05,2.31E-05,2.23E-05,2.16E-05,2.09E-05,2.03E-05,1.98E-05,1.94E-05,1.91E-05,1.88E-05,1.86E-05,1.86E-05
70,6.95,2.67E-05,2.63E-05,2.57E-05,2.50E-05,2.42E-05,2.33E-05,2.25E-05,2.17E-05,2.10E-05,2.04E-05,1.99E-05,1.94E-05,1.91E-05,1.90E-05,1.87E-05,1.86E-05
71,7.05,2.70E-05,2.66E-05,2.60E-05,2.52E-05,2.44E-05,2.34E-05,2.26E-05,2.18E-05,2.11E-05,2.05E-05,1.99E-05,1.95E-05,1.92E-05,1.89E-05,1.88E-05,1.87E-05
72,7.15,2.73E-05,2.70E-05,2.62E-05,2.55E-05,2.46E-05,2.36E-05,2.27E-05,2.20E-05,2.13E-05,2.06E-05,2.00E-05,1.96E-05,1.92E-05,1.90E-05,1.88E-05,1.88E-05
73,7.25,2.77E-05,2.73E-05,2.65E-05,2.57E-05,2.48E-05,2.38E-05,2.30E-05,2.21E-05,2.14E-05,2.07E-05,2.01E-05,1.97E-05,1.93E-05,1.91E-05,1.90E-05,1.88E-05
74,7.35,2.80E-05,2.76E-05,2.68E-05,2.60E-05,2.51E-05,2.40E-05,2.32E-05,2.22E-05,2.15E-05,2.08E-05,2.02E-05,1.98E-05,1.94E-05,1.92E-05,1.90E-05,1.89E-05
75,7.45,2.84E-05,2.80E-05,2.72E-05,2.63E-05,2.53E-05,2.42E-05,2.33E-05,2.23E-05,2.17E-05,2.08E-05,2.04E-05,1.99E-05,1.95E-05,1.93E-05,1.90E-05,1.91E-05
76,7.55,2.88E-05,2.83E-05,2.74E-05,2.66E-05,2.54E-05,2.44E-05,2.34E-05,2.25E-05,2.17E-05,2.10E-05,2.05E-05,2.00E-05,1.95E-05,1.93E-05,1.92E-05,1.91E-05
77,7.65,2.92E-05,2.86E-05,2.78E-05,2.68E-05,2.57E-05,2.46E-05,2.36E-05,2.26E-05,2.18E-05,2.11E-05,2.05E-05,2.01E-05,1.96E-05,1.94E-05,1.92E-05,1.92E-05
78,7.75,2.95E-05,2.89E-05,2.80E-05,2.70E-05,2.59E-05,2.48E-05,2.37E-05,2.28E-05,2.20E-05,2.13E-05,2.06E-05,2.02E-05,1.98E-05,1.94E-05,1.93E-05,1.92E-05
79,7.85,3.00E-05,2.94E-05,2.85E-05,2.73E-05,2.62E-05,2.50E-05,2.39E-05,2.30E-05,2.21E-05,2.14E-05,2.07E-05,2.03E-05,1.99E-05,1.95E-05,1.93E-05,1.93E-05
80,7.95,3.05E-05,2.99E-05,2.90E-05,2.77E-05,2.66E-05,2.53E-05,2.42E-05,2.32E-05,2.23E-05,2.15E-05,2.09E-05,2.04E-05,2.00E-05,1.97E-05,1.95E-05,1.94E-05
81,8.05,3.13E-05,3.07E-05,2.97E-05,2.84E-05,2.72E-05,2.57E-05,2.45E-05,2.35E-05,2.26E-05,2.17E-05,2.10E-05,2.06E-05,2.01E-05,1.98E-05,1.97E-05,1.97E-05
82,8.15,3.20E-05,3.14E-05,3.02E-05,2.88E-05,2.75E-05,2.60E-05,2.47E-05,2.38E-05,2.29E-05,2.21E-05,2.13E-05,2.07E-05,2.03E-05,1.99E-05,1.98E-05,1.98E-05
83,8.25,3.24E-05,3.17E-05,3.06E-05,2.93E-05,2.79E-05,2.65E-05,2.51E-05,2.40E-05,2.30E-05,2.20E-05,2.13E-05,2.09E-05,2.05E-05,2.00E-05,1.99E-05,1.98E-05
84,8.35,3.37E-05,3.28E-05,3.13E-05,2.96E-05,2.80E-05,2.66E-05,2.53E-05,2.41E-05,2.32E-05,2.23E-05,2.15E-05,2.10E-05,2.05E-05,2.01E-05,2.00E-05,1.98E-05
85,8.45,3.40E-05,3.32E-05,3.20E-05,3.04E-05,2.87E-05,2.70E-05,2.54E-05,2.44E-05,2.33E-05,2.24E-05,2.16E-05,2.11E-05,2.07E-05,2.03E-05,2.02E-05,2.00E-05
86,8.55,3.44E-05,3.36E-05,3.23E-05,3.08E-05,2.90E-05,2.74E-05,2.57E-05,2.45E-05,2.34E-05,2.25E-05,2.18E-05,2.12E-05,2.07E-05,2.04E-05,2.02E-05,2.01E-05
87,8.65,3.59E-05,3.47E-05,3.29E-05,3.11E-05,2.93E-05,2.77E-05,2.61E-05,2.48E-05,2.35E-05,2.26E-05,2.19E-05,2.13E-05,2.08E-05,2.05E-05,2.03E-05,2.01E-05
88,8.75,3.68E-05,3.57E-05,3.40E-05,3.17E-05,2.97E-05,2.80E-05,2.63E-05,2.50E-05,2.38E-05,2.28E-05,2.20E-05,2.14E-05,2.09E-05,2.06E-05,2.04E-05,2.02E-05
89,8.85,3.78E-05,3.65E-05,3.47E-05,3.26E-05,3.03E-05,2.82E-05,2.66E-05,2.52E-05,2.39E-05,2.30E-05,2.22E-05,2.16E-05,2.10E-05,2.07E-05,2.04E-05,2.03E-05
90,8.95,3.93E-05,3.79E-05,3.55E-05,3.32E-05,3.10E-05,2.87E-05,2.69E-05,2.54E-05,2.42E-05,2.31E-05,2.24E-05,2.17E-05,2.11E-05,2.08E-05,2.06E-05,2.04E-05
91,9.05,4.06E-05,3.90E-05,3.67E-05,3.39E-05,3.14E-05,2.92E-05,2.72E-05,2.56E-05,2.44E-05,2.33E-05,2.25E-05,2.18E-05,2.12E-05,2.09E-05,2.07E-05,2.05E-05
92,9.15,4.25E-05,4.06E-05,3.76E-05,3.49E-05,3.19E-05,2.97E-05,2.76E-05,2.59E-05,2.46E-05,2.35E-05,2.26E-05,2.19E-05,2.14E-05,2.10E-05,2.08E-05,2.06E-05
93,9.25,4.44E-05,4.22E-05,3.89E-05,3.58E-05,3.26E-05,3.01E-05,2.80E-05,2.63E-05,2.48E-05,2.36E-05,2.28E-05,2.21E-05,2.15E-05,2.11E-05,2.10E-05,2.08E-05
94,9.35,4.68E-05,4.43E-05,4.05E-05,3.68E-05,3.35E-05,3.06E-05,2.84E-05,2.65E-05,2.51E-05,2.39E-05,2.30E-05,2.22E-05,2.16E-05,2.12E-05,2.10E-05,2.09E-05
95,9.45,4.99E-05,4.67E-05,4.21E-05,3.80E-05,3.43E-05,3.12E-05,2.88E-05,2.68E-05,2.52E-05,2.41E-05,2.31E-05,2.24E-05,2.18E-05,2.14E-05,2.12E-05,2.10E-05
96,9.55,5.38E-05,4.97E-05,4.42E-05,3.93E-05,3.52E-05,3.17E-05,2.92E-05,2.72E-05,2.55E-05,2.43E-05,2.33E-05,2.25E-05,2.19E-05,2.15E-05,2.13E-05,2.11E-05
97,9.65,5.90E-05,5.35E-05,4.66E-05,4.09E-05,3.61E-05,3.24E-05,2.97E-05,2.76E-05,2.59E-05,2.45E-05,2.35E-05,2.26E-05,2.21E-05,2.16E-05,2.14E-05,2.12E-05
98,9.75,6.65E-05,5.86E-05,4.94E-05,4.27E-05,3.72E-05,3.31E-05,3.03E-05,2.79E-05,2.61E-05,2.47E-05,2.36E-05,2.29E-05,2.22E-05,2.18E-05,2.15E-05,2.13E-05
99,9.85,7.79E-05,6.58E-05,5.33E-05,4.48E-05,3.85E-05,3.40E-05,3.07E-05,2.83E-05,2.65E-05,2.49E-05,2.39E-05,2.31E-05,2.24E-05,2.19E-05,2.18E-05,2.15E-05
100,9.95,9.07E-05,7.69E-05,5.83E-05,4.74E-05,4.00E-05,3.48E-05,3.14E-05,2.87E-05,2.67E-05,2.52E-05,2.40E-05,2.32E-05,2.25E-05,2.21E-05,2.18E-05,2.17E-05
101,10.05,8.78E-05,8.95E-05,6.56E-05,5.06E-05,4.17E-05,3.58E-05,3.20E-05,2.92E-05,2.71E-05,2.54E-05,2.43E-05,2.34E-05,2.27E-05,2.23E-05,2.20E-05,2.19E-05
102,10.15,5.62E-05,8.83E-05,7.64E-05,5.48E-05,4.36E-05,3.70E-05,3.27E-05,2.97E-05,2.74E-05,2.57E-05,2.45E-05,2.36E-05,2.29E-05,2.24E-05,2.21E-05,2.19E-05
103,10.25,1.96E-05,5.88E-05,8.87E-05,6.05E-05,4.60E-05,3.82E-05,3.35E-05,3.02E-05,2.79E-05,2.60E-05,2.47E-05,2.38E-05,2.31E-05,2.25E-05,2.23E-05,2.20E-05
104,10.35,3.34E-06,2.19E-05,8.74E-05,6.89E-05,4.88E-05,3.96E-05,3.43E-05,3.08E-05,2.82E-05,2.63E-05,2.50E-05,2.40E-05,2.32E-05,2.26E-05,2.24E-05,2.22E-05
105,10.45,2.73E-07,4.09E-06,5.90E-05,8.09E-05,5.24E-05,4.13E-05,3.53E-05,3.14E-05,2.87E-05,2.67E-05,2.52E-05,2.42E-05,2.34E-05,2.28E-05,2.25E-05,2.24E-05
106,10.55,6.09E-08,3.67E-07,2.29E-05,9.00E-05,5.74E-05,4.31E-05,3.62E-05,3.20E-05,2.91E-05,2.70E-05,2.55E-05,2.44E-05,2.36E-05,2.30E-05,2.28E-05,2.25E-05
107,10.65,6.16E-08,5.84E-08,4.43E-06,7.94E-05,6.44E-05,4.54E-05,3.73E-05,3.26E-05,2.96E-05,2.73E-05,2.58E-05,2.46E-05,2.38E-05,2.32E-05,2.29E-05,2.27E-05
108,10.75,4.93E-08,5.79E-08,4.58E-07,4.54E-05,7.45E-05,4.82E-05,3.86E-05,3.34E-05,3.01E-05,2.78E-05,2.61E-05,2.48E-05,2.40E-05,2.34E-05,2.30E-05,2.28E-05
109,10.85,5.58E-08,5.93E-08,6.99E-08,1.47E-05,8.57E-05,5.16E-05,4.01E-05,3.42E-05,3.06E-05,2.81E-05,2.64E-05,2.51E-05,2.42E-05,2.37E-05,2.32E-05,2.31E-05
110,10.95,4.29E-08,3.70E-08,5.89E-08,2.47E-06,8.61E-05,5.64E-05,4.18E-05,3.52E-05,3.12E-05,2.85E-05,2.67E-05,2.54E-05,2.45E-05,2.38E-05,2.34E-05,2.32E-05
111,11.05,4.25E-08,5.43E-08,3.93E-08,2.19E-07,6.23E-05,6.31E-05,4.38E-05,3.63E-05,3.19E-05,2.89E-05,2.71E-05,2.56E-05,2.47E-05,2.40E-05,2.36E-05,2.34E-05
112,11.15,4.62E-08,5.45E-08,4.35E-08,6.34E-08,2.78E-05,7.25E-05,4.63E-05,3.74E-05,3.26E-05,2.95E-05,2.74E-05,2.60E-05,2.50E-05,2.42E-05,2.38E-05,2.36E-05
113,11.25,4.98E-08,5.09E-08,5.57E-08,6.80E-08,6.79E-06,8.32E-05,4.94E-05,3.87E-05,3.33E-05,3.00E-05,2.78E-05,2.63E-05,2.52E-05,2.44E-05,2.40E-05,2.38E-05
114,11.35,4.26E-08,5.61E-08,4.65E-08,5.93E-08,8.81E-07,8.53E-05,5.34E-05,4.03E-05,3.42E-05,3.06E-05,2.82E-05,2.66E-05,2.55E-05,2.47E-05,2.41E-05,2.40E-05
115,11.45,3.68E-08,5.34E-08,5.79E-08,5.98E-08,1.05E-07,6.64E-05,5.89E-05,4.20E-05,3.51E-05,3.12E-05,2.86E-05,2.69E-05,2.57E-05,2.49E-05,2.44E-05,2.42E-05
116,11.55,4.06E-08,5.07E-08,4.96E-08,6.29E-08,5.52E-08,3.36E-05,6.66E-05,4.41E-05,3.62E-05,3.18E-05,2.90E-05,2.73E-05,2.60E-05,2.52E-05,2.47E-05,2.44E-05
117,11.65,4.03E-08,5.49E-08,4.81E-08,5.57E-08,4.36E-08,9.76E-06,7.70E-05,4.67E-05,3.74E-05,3.25E-05,2.96E-05,2.77E-05,2.63E-05,2.54E-05,2.50E-05,2.46E-05
118,11.75,5.27E-08,4.50E-08,4.71E-08,4.87E-08,5.05E-08,1.60E-06,8.48E-05,4.99E-05,3.87E-05,3.32E-05,3.01E-05,2.81E-05,2.66E-05,2.58E-05,2.52E-05,2.48E-05
119,11.85,4.25E-08,4.54E-08,4.43E-08,4.76E-08,5.08E-08,1.58E-07,7.79E-05,5.42E-05,4.03E-05,3.41E-05,3.06E-05,2.86E-05,2.70E-05,2.61E-05,2.55E-05,2.51E-05
120,11.95,5.66E-08,4.48E-08,4.41E-08,4.53E-08,4.96E-08,7.69E-08,5.11E-05,6.00E-05,4.21E-05,3.51E-05,3.13E-05,2.90E-05,2.74E-05,2.64E-05,2.58E-05,2.54E-05
121,12.05,5.06E-08,4.30E-08,3.78E-08,5.40E-08,5.68E-08,7.39E-08,2.14E-05,6.83E-05,4.43E-05,3.62E-05,3.19E-05,2.95E-05,2.78E-05,2.67E-05,2.61E-05,2.57E-05
122,12.15,3.78E-08,4.15E-08,3.71E-08,5.08E-08,5.08E-08,6.72E-08,5.29E-06,7.82E-05,4.70E-05,3.73E-05,3.27E-05,2.99E-05,2.82E-05,2.71E-05,2.64E-05,2.60E-05
123,12.25,3.74E-08,4.58E-08,3.68E-08,4.81E-08,5.35E-08,5.60E-08,7.70E-07,8.31E-05,5.03E-05,3.87E-05,3.35E-05,3.05E-05,2.86E-05,2.75E-05,2.67E-05,2.64E-05
124,12.35,4.09E-08,4.99E-08,3.59E-08,5.67E-08,5.41E-08,5.53E-08,1.11E-07,7.20E-05,5.46E-05,4.02E-05,3.43E-05,3.11E-05,2.91E-05,2.78E-05,2.71E-05,2.67E-05
125,12.45,4.48E-08,4.03E-08,4.06E-08,5.46E-08,4.52E-08,5.77E-08,7.21E-08,4.44E-05,6.08E-05,4.21E-05,3.54E-05,3.17E-05,2.95E-05,2.83E-05,2.75E-05,2.70E-05
126,12.55,4.13E-08,4.36E-08,4.02E-08,4.69E-08,5.07E-08,5.88E-08,6.70E-08,1.77E-05,6.93E-05,4.42E-05,3.65E-05,3.25E-05,3.02E-05,2.87E-05,2.79E-05,2.74E-05
127,12.65,2.93E-08,4.53E-08,3.84E-08,4.93E-08,4.85E-08,5.35E-08,5.70E-08,4.26E-06,7.84E-05,4.70E-05,3.77E-05,3.34E-05,3.07E-05,2.92E-05,2.83E-05,2.78E-05
128,12.75,3.77E-08,3.74E-08,3.73E-08,5.27E-08,5.48E-08,5.31E-08,6.44E-08,6.78E-07,8.10E-05,5.04E-05,3.92E-05,3.42E-05,3.14E-05,2.97E-05,2.88E-05,2.82E-05
129,12.85,5.18E-08,4.66E-08,3.81E-08,4.58E-08,5.07E-08,5.05E-08,5.11E-08,1.14E-07,6.76E-05,5.49E-05,4.08E-05,3.53E-05,3.21E-05,3.02E-05,2.92E-05,2.87E-05
130,12.95,4.07E-08,3.43E-08,4.20E-08,4.27E-08,4.90E-08,5.88E-08,5.75E-08,7.41E-08,4.05E-05,6.12E-05,4.29E-05,3.63E-05,3.29E-05,3.08E-05,2.97E-05,2.92E-05
131,13.05,3.71E-08,3.50E-08,3.51E-08,4.16E-08,4.43E-08,5.98E-08,5.72E-08,4.84E-08,1.62E-05,6.96E-05,4.53E-05,3.76E-05,3.37E-05,3.15E-05,3.03E-05,2.97E-05
132,13.15,3.83E-08,3.90E-08,3.49E-08,3.37E-08,4.26E-08,5.15E-08,5.53E-08,5.40E-08,4.04E-06,7.79E-05,4.84E-05,3.91E-05,3.46E-05,3.22E-05,3.09E-05,3.02E-05
133,13.25,4.08E-08,4.67E-08,3.60E-08,3.59E-08,4.04E-08,4.11E-08,4.50E-08,5.28E-08,6.42E-07,7.88E-05,5.23E-05,4.08E-05,3.56E-05,3.30E-05,3.16E-05,3.08E-05
134,13.35,4.14E-08,3.72E-08,3.47E-08,4.00E-08,3.89E-08,4.06E-08,5.12E-08,5.96E-08,1.12E-07,6.47E-05,5.76E-05,4.27E-05,3.69E-05,3.39E-05,3.23E-05,3.15E-05
135,13.45,4.22E-08,3.57E-08,3.78E-08,3.35E-08,3.28E-08,4.92E-08,5.20E-08,5.45E-08,6.74E-08,3.87E-05,6.47E-05,4.51E-05,3.82E-05,3.48E-05,3.30E-05,3.22E-05
136,13.55,4.61E-08,3.60E-08,3.72E-08,4.03E-08,3.40E-08,4.51E-08,5.52E-08,4.80E-08,4.81E-08,1.55E-05,7.33E-05,4.82E-05,3.98E-05,3.59E-05,3.39E-05,3.30E-05
137,13.65,3.84E-08,3.92E-08,2.96E-08,4.62E-08,3.88E-08,5.45E-08,4.89E-08,5.40E-08,5.30E-08,4.07E-06,7.86E-05,5.20E-05,4.16E-05,3.71E-05,3.50E-05,3.39E-05
138,13.75,3.13E-08,3.84E-08,3.47E-08,3.77E-08,3.83E-08,5.02E-08,5.16E-08,5.57E-08,6.56E-08,6.97E-07,7.23E-05,5.73E-05,4.37E-05,3.86E-05,3.61E-05,3.49E-05
139,13.85,3.25E-08,3.85E-08,3.22E-08,3.55E-08,4.18E-08,4.63E-08,4.96E-08,5.81E-08,6.17E-08,1.24E-07,5.16E-05,6.44E-05,4.64E-05,4.03E-05,3.74E-05,3.59E-05
140,13.95,3.30E-08,3.28E-08,3.57E-08,4.26E-08,4.43E-08,3.78E-08,4.26E-08,5.09E-08,6.94E-08,5.94E-08,2.65E-05,7.26E-05,4.97E-05,4.21E-05,3.88E-05,3.72E-05
141,14.05,2.95E-08,3.69E-08,3.71E-08,4.30E-08,3.96E-08,4.17E-08,4.50E-08,4.56E-08,5.40E-08,6.36E-08,9.28E-06,7.74E-05,5.42E-05,4.45E-05,4.05E-05,3.86E-05
142,14.15,3.59E-08,3.71E-08,3.24E-08,4.51E-08,3.72E-08,4.37E-08,4.94E-08,4.49E-08,5.32E-08,7.07E-08,2.09E-06,7.10E-05,6.04E-05,4.73E-05,4.25E-05,4.03E-05
143,14.25,2.80E-08,3.65E-08,3.69E-08,5.05E-08,3.65E-08,4.78E-08,4.91E-08,4.90E-08,5.26E-08,6.09E-08,3.52E-07,5.18E-05,6.80E-05,5.09E-05,4.49E-05,4.23E-05
144,14.35,2.47E-08,3.09E-08,3.72E-08,4.81E-08,4.37E-08,3.87E-08,5.61E-08,4.68E-08,5.04E-08,6.21E-08,8.90E-08,2.75E-05,7.49E-05,5.59E-05,4.79E-05,4.46E-05
145,14.45,2.95E-08,3.35E-08,3.36E-08,4.26E-08,4.47E-08,4.33E-08,5.31E-08,5.06E-08,5.72E-08,6.64E-08,6.25E-08,1.01E-05,7.51E-05,6.25E-05,5.19E-05,4.76E-05
146,14.55,3.26E-08,2.74E-08,3.68E-08,4.14E-08,3.55E-08,4.18E-08,5.14E-08,3.90E-08,5.41E-08,6.34E-08,7.05E-08,2.43E-06,6.29E-05,7.01E-05,5.70E-05,5.15E-05
147,14.65,3.68E-08,2.80E-08,3.99E-08,3.80E-08,3.58E-08,4.38E-08,5.25E-08,4.70E-08,5.86E-08,5.40E-08,6.95E-08,4.26E-07,4.04E-05,7.55E-05,6.39E-05,5.66E-05
148,14.75,3.29E-08,3.33E-08,3.64E-08,4.47E-08,3.78E-08,5.42E-08,5.13E-08,4.50E-08,5.09E-08,6.20E-08,7.08E-08,1.01E-07,1.87E-05,7.20E-05,7.14E-05,6.33E-05
149,14.85,2.91E-08,2.95E-08,3.22E-08,3.86E-08,3.72E-08,4.98E-08,5.10E-08,4.65E-08,4.98E-08,7.19E-08,6.70E-08,7.88E-08,5.99E-06,5.56E-05,7.52E-05,7.08E-05
150,14.95,4.32E-08,2.94E-08,3.56E-08,3.92E-08,4.12E-08,4.17E-08,4.75E-08,4.01E-08,4.57E-08,7.39E-08,6.95E-08,6.77E-08,1.31E-06,3.27E-05,6.87E-05,7.50E-05
151,15.05,2.53E-08,3.02E-08,3.90E-08,3.59E-08,2.78E-08,4.31E-08,3.49E-08,4.52E-08,4.33E-08,6.33E-08,6.56E-08,6.29E-08,2.35E-07,1.39E-05,5.07E-05,6.97E-05
152,15.15,2.94E-08,3.98E-08,3.86E-08,4.20E-08,3.63E-08,3.23E-08,4.86E-08,3.97E-08,3.96E-08,6.42E-08,6.46E-08,7.19E-08,6.17E-08,4.13E-06,2.84E-05,5.26E-05
153,15.25,2.43E-08,3.09E-08,3.39E-08,2.92E-08,3.23E-08,3.77E-08,4.21E-08,4.21E-08,4.84E-08,5.29E-08,6.19E-08,6.53E-08,5.73E-08,8.57E-07,1.14E-05,3.01E-05
154,15.35,3.19E-08,2.20E-08,3.45E-08,2.74E-08,4.01E-08,3.19E-08,4.55E-08,3.73E-08,4.44E-08,6.15E-08,6.34E-08,5.57E-08,6.24E-08,1.57E-07,3.20E-06,1.25E-05
155,15.45,2.94E-08,2.96E-08,3.80E-08,2.73E-08,3.38E-08,3.24E-08,3.48E-08,4.36E-08,4.72E-08,4.77E-08,6.66E-08,6.56E-08,7.49E-08,6.52E-08,6.52E-07,3.62E-06
156,15.55,2.77E-08,3.71E-08,3.59E-08,3.23E-08,3.46E-08,3.39E-08,3.63E-08,6.62E-08,5.15E-08,5.15E-08,5.86E-08,5.62E-08,5.61E-08,7.60E-08,1.18E-07,7.60E-07
157,15.65,3.23E-08,3.52E-08,2.61E-08,3.30E-08,3.22E-08,3.06E-08,3.89E-08,4.35E-08,3.93E-08,5.44E-08,4.99E-08,6.61E-08,5.33E-08,7.50E-08,6.61E-08,1.44E-07
158,15.75,2.77E-08,3.08E-08,3.14E-08,2.94E-08,3.72E-08,4.62E-08,4.05E-08,4.86E-08,4.48E-08,5.04E-08,5.53E-08,6.45E-08,6.23E-08,6.72E-08,9.27E-08,6.93E-08
159,15.85,3.21E-08,3.79E-08,2.75E-08,3.23E-08,3.51E-08,3.08E-08,4.12E-08,4.31E-08,4.03E-08,5.13E-08,5.68E-08,6.02E-08,6.34E-08,6.44E-08,7.93E-08,6.72E-08
160,15.95,2.62E-08,3.54E-08,2.94E-08,2.90E-08,2.89E-08,3.47E-08,4.70E-08,3.23E-08,4.85E-08,4.94E-08,5.62E-08,6.79E-08,6.18E-08,5.36E-08,6.56E-08,5.35E-08
161,16.05,2.23E-08,3.14E-08,2.54E-08,2.67E-08,2.54E-08,2.56E-08,4.03E-08,3.24E-08,4.06E-08,5.56E-08,5.67E-08,7.09E-08,5.16E-08,5.23E-08,6.24E-08,7.26E-08
162,16.15,2.54E-08,2.88E-08,3.26E-08,3.38E-08,3.10E-08,3.21E-08,4.94E-08,2.79E-08,4.36E-08,4.15E-08,6.24E-08,4.90E-08,6.68E-08,6.01E-08,5.79E-08,6.27E-08
163,16.25,3.12E-08,2.82E-08,2.95E-08,2.67E-08,3.31E-08,3.20E-08,3.86E-08,3.64E-08,4.19E-08,4.39E-08,5.26E-08,6.34E-08,7.57E-08,5.49E-08,5.90E-08,6.49E-08
164,16.35,2.32E-08,2.04E-08,2.78E-08,2.31E-08,3.06E-08,3.10E-08,4.03E-08,3.36E-08,4.01E-08,4.11E-08,4.97E-08,6.37E-08,5.81E-08,6.01E-08,5.83E-08,6.79E-08
165,16.45,2.91E-08,2.74E-08,3.59E-08,2.17E-08,3.65E-08,3.01E-08,4.27E-08,3.48E-08,4.53E-08,4.86E-08,4.86E-08,5.25E-08,5.18E-08,5.21E-08,5.58E-08,7.21E-08
166,16.55,2.62E-08,2.22E-08,3.23E-08,2.13E-08,4.53E-08,3.23E-08,3.66E-08,3.37E-08,3.91E-08,4.53E-08,4.61E-08,5.33E-08,5.62E-08,4.61E-08,5.94E-08,6.09E-08
167,16.65,3.05E-08,2.69E-08,2.82E-08,2.51E-08,4.44E-08,2.92E-08,3.97E-08,4.12E-08,4.34E-08,4.32E-08,4.18E-08,6.22E-08,5.32E-08,5.96E-08,4.70E-08,6.57E-08
168,16.75,2.90E-08,2.87E-08,3.12E-08,2.11E-08,3.54E-08,3.39E-08,4.17E-08,3.42E-08,3.62E-08,3.67E-08,4.14E-08,4.92E-08,5.87E-08,5.35E-08,4.76E-08,6.61E-08
169,16.85,2.71E-08,2.38E-08,2.99E-08,2.50E-08,2.33E-08,2.80E-08,3.15E-08,3.38E-08,4.93E-08,4.26E-08,4.04E-08,4.79E-08,5.96E-08,5.67E-08,5.50E-08,5.38E-08
170,16.95,2.14E-08,3.36E-08,3.12E-08,2.62E-08,3.01E-08,3.11E-08,3.05E-08,4.26E-08,3.92E-08,4.81E-08,4.59E-08,5.43E-08,6.16E-08,6.03E-08,6.39E-08,6.04E-08
171,17.05,2.83E-08,2.32E-08,3.08E-08,2.80E-08,2.64E-08,3.04E-08,2.96E-08,5.49E-08,4.21E-08,4.65E-08,5.33E-08,5.84E-08,5.70E-08,4.87E-08,5.32E-08,5.37E-08
172,17.15,2.73E-08,2.68E-08,2.86E-08,2.39E-08,2.48E-08,4.22E-08,3.05E-08,3.60E-08,4.47E-08,3.95E-08,4.62E-08,6.22E-08,5.68E-08,4.88E-08,5.51E-08,5.17E-08
173,17.25,3.28E-08,2.67E-08,3.45E-08,2.48E-08,2.81E-08,3.64E-08,2.72E-08,3.17E-08,4.10E-08,4.59E-08,5.24E-08,4.65E-08,4.81E-08,5.74E-08,5.73E-08,5.42E-08
174,17.35,2.80E-08,3.19E-08,2.30E-08,3.21E-08,2.76E-08,2.79E-08,4.84E-08,3.32E-08,3.41E-08,3.13E-08,4.35E-08,4.68E-08,4.97E-08,4.53E-08,4.74E-08,4.65E-08
175,17.45,2.08E-08,3.37E-08,2.13E-08,2.53E-08,1.86E-08,2.37E-08,3.48E-08,3.18E-08,4.20E-08,3.82E-08,5.31E-08,4.57E-08,5.52E-08,4.38E-08,5.68E-08,6.17E-08
176,17.55,2.97E-08,3.03E-08,2.68E-08,2.35E-08,3.50E-08,3.02E-08,3.82E-08,3.45E-08,4.32E-08,4.23E-08,4.58E-08,4.88E-08,4.92E-08,4.55E-08,5.59E-08,5.69E-08
177,17.65,1.66E-08,2.77E-08,2.28E-08,2.76E-08,2.82E-08,2.93E-08,3.97E-08,3.84E-08,4.39E-08,4.33E-08,5.36E-08,4.52E-08,4.59E-08,5.52E-08,4.90E-08,4.99E-08
178,17.75,2.24E-08,2.98E-08,1.83E-08,2.45E-08,2.63E-08,4.08E-08,3.57E-08,3.83E-08,4.16E-08,3.91E-08,5.50E-08,4.29E-08,4.46E-08,4.71E-08,5.50E-08,4.43E-08
179,17.85,1.98E-08,2.90E-08,2.05E-08,2.97E-08,3.48E-08,2.92E-08,3.51E-08,3.62E-08,3.47E-08,4.19E-08,5.14E-08,4.18E-08,4.86E-08,4.68E-08,4.89E-08,4.78E-08
180,17.95,1.79E-08,2.59E-08,2.08E-08,2.98E-08,3.01E-08,3.66E-08,3.56E-08,3.52E-08,4.24E-08,3.23E-08,4.38E-08,4.32E-08,4.59E-08,5.10E-08,4.61E-08,5.19E-08
181,18.05,1.90E-08,2.63E-08,2.34E-08,2.68E-08,2.92E-08,2.33E-08,4.07E-08,3.73E-08,3.55E-08,3.94E-08,4.24E-08,3.75E-08,4.22E-08,5.90E-08,5.02E-08,5.28E-08
182,18.15,1.49E-08,2.79E-08,2.11E-08,2.43E-08,2.99E-08,2.45E-08,3.59E-08,3.61E-08,3.69E-08,3.78E-08,4.42E-08,3.49E-08,4.41E-08,4.30E-08,4.59E-08,5.22E-08
183,18.25,1.74E-08,2.40E-08,1.84E-08,2.40E-08,3.14E-08,2.57E-08,4.09E-08,3.19E-08,3.18E-08,2.97E-08,4.81E-08,3.91E-08,4.93E-08,4.69E-08,5.05E-08,3.97E-08
184,18.35,1.50E-08,2.54E-08,1.65E-08,2.24E-08,2.46E-08,2.78E-08,3.17E-08,3.77E-08,3.37E-08,3.43E-08,4.01E-08,3.92E-08,5.64E-08,5.01E-08,4.71E-08,4.62E-08
185,18.45,1.56E-08,2.41E-08,2.27E-08,2.05E-08,3.06E-08,3.60E-08,2.69E-08,4.34E-08,3.54E-08,3.55E-08,4.05E-08,3.58E-08,5.05E-08,5.79E-08,5.50E-08,5.62E-08
186,18.55,1.91E-08,2.14E-08,2.36E-08,2.22E-08,2.61E-08,2.39E-08,2.78E-08,3.92E-08,2.52E-08,3.58E-08,4.17E-08,4.52E-08,4.82E-08,4.80E-08,4.56E-08,6.21E-08
187,18.65,2.15E-08,2.26E-08,2.68E-08,2.46E-08,2.73E-08,2.39E-08,2.91E-08,4.43E-08,3.60E-08,3.74E-08,4.62E-08,4.50E-08,5.65E-08,4.81E-08,5.84E-08,5.42E-08
188,18.75,2.03E-08,2.81E-08,1.92E-08,2.53E-08,2.70E-08,2.33E-08,2.08E-08,3.61E-08,3.43E-08,3.49E-08,3.84E-08,4.05E-08,4.77E-08,4.98E-08,4.31E-08,4.85E-08
189,18.85,2.18E-08,2.06E-08,2.00E-08,2.47E-08,3.02E-08,3.29E-08,2.52E-08,3.14E-08,3.43E-08,2.81E-08,4.62E-08,4.08E-08,4.75E-08,4.65E-08,5.00E-08,4.94E-08
190,18.95,2.05E-08,2.25E-08,1.72E-08,2.85E-08,2.38E-08,2.87E-08,2.60E-08,3.05E-08,2.85E-08,3.05E-08,4.37E-08,3.98E-08,5.24E-08,3.66E-08,5.79E-08,5.29E-08
191,19.05,1.61E-08,2.06E-08,1.75E-08,2.75E-08,2.51E-08,2.51E-08,2.20E-08,3.80E-08,3.28E-08,4.07E-08,3.35E-08,4.36E-08,5.03E-08,4.51E-08,3.89E-08,5.03E-08
192,19.15,2.38E-08,2.14E-08,1.83E-08,3.19E-08,2.28E-08,3.29E-08,2.34E-08,3.39E-08,2.66E-08,3.98E-08,2.94E-08,4.37E-08,4.18E-08,4.19E-08,5.55E-08,4.88E-08
193,19.25,1.25E-08,2.34E-08,2.06E-08,2.99E-08,2.00E-08,3.06E-08,2.17E-08,3.55E-08,1.99E-08,3.77E-08,3.51E-08,3.76E-08,4.12E-08,4.92E-08,3.96E-08,5.08E-08
194,19.35,2.09E-08,2.04E-08,2.09E-08,3.17E-08,2.44E-08,2.84E-08,2.44E-08,4.01E-08,3.50E-08,2.95E-08,3.33E-08,3.35E-08,3.96E-08,4.76E-08,3.35E-08,5.20E-08
195,19.45,2.15E-08,2.71E-08,1.94E-08,2.81E-08,2.20E-08,3.13E-08,2.58E-08,3.72E-08,2.33E-08,3.87E-08,3.75E-08,4.47E-08,5.04E-08,4.63E-08,4.68E-08,4.92E-08
196,19.55,2.36E-08,1.94E-08,2.44E-08,2.08E-08,2.12E-08,3.10E-08,2.94E-08,2.94E-08,2.85E-08,3.28E-08,2.99E-08,3.52E-08,5.08E-08,3.98E-08,3.89E-08,4.40E-08
197,19.65,2.79E-08,2.37E-08,2.18E-08,2.33E-08,2.31E-08,2.63E-08,2.34E-08,3.07E-08,2.71E-08,3.58E-08,3.43E-08,3.70E-08,4.56E-08,4.10E-08,5.01E-08,4.20E-08
198,19.75,1.82E-08,1.77E-08,1.90E-08,2.10E-08,1.84E-08,2.56E-08,2.68E-08,2.81E-08,2.80E-08,3.41E-08,2.81E-08,3.19E-08,4.73E-08,4.13E-08,5.40E-08,4.52E-08
199,19.85,2.25E-08,2.44E-08,2.25E-08,1.93E-08,2.12E-08,2.79E-08,2.89E-08,2.79E-08,3.65E-08,3.37E-08,3.09E-08,3.41E-08,4.84E-08,4.62E-08,4.08E-08,4.49E-08
200,19.95,2.10E-08,2.04E-08,1.95E-08,2.22E-08,2.13E-08,2.37E-08,2.81E-08,3.39E-08,3.34E-08,3.36E-08,2.96E-08,4.26E-08,3.70E-08,4.08E-08,3.68E-08,4.50E-08
